{
    "@context": "https://w3id.org/ro/crate/1.1/context",
    "@graph": [
        {
            "@id": "./",
            "@type": "Dataset",
            "conformsTo": [
                {
                    "@id": "https://w3id.org/ro/wfrun/process/0.1"
                },
                {
                    "@id": "https://w3id.org/ro/wfrun/workflow/0.1"
                },
                {
                    "@id": "https://w3id.org/workflowhub/workflow-ro-crate/1.0"
                }
            ],
            "datePublished": "2023-07-24T16:00:30+00:00",
            "hasPart": [
                {
                    "@id": "workflows/a5ce5dedb0becde4.gxwf.yml"
                },
                {
                    "@id": "workflows/a5ce5dedb0becde4.abstract.cwl"
                },
                {
                    "@id": "workflows/a5ce5dedb0becde4.html"
                },
                {
                    "@id": "workflows/a5ce5dedb0becde4.ga"
                },
                {
                    "@id": "datasets/FeS2.inp_6.txt"
                },
                {
                    "@id": "datasets/fes2_rt01_mar02.xmu_9.txt"
                },
                {
                    "@id": "datasets/FeS2_gds.csv_13.csv"
                },
                {
                    "@id": "datasets/FeS2a_sp.txt_14.csv"
                },
                {
                    "@id": "datasets_attrs.txt"
                },
                {
                    "@id": "jobs_attrs.txt"
                },
                {
                    "@id": "implicit_collection_jobs_attrs.txt"
                },
                {
                    "@id": "collections_attrs.txt"
                },
                {
                    "@id": "export_attrs.txt"
                },
                {
                    "@id": "libraries_attrs.txt"
                },
                {
                    "@id": "library_folders_attrs.txt"
                },
                {
                    "@id": "invocation_attrs.txt"
                }
            ],
            "license": "",
            "mainEntity": {
                "@id": "workflows/a5ce5dedb0becde4.gxwf.yml"
            },
            "mentions": [
                {
                    "@id": "#33600062-af42-46c4-83c3-8123f9b5b44a"
                }
            ]
        },
        {
            "@id": "ro-crate-metadata.json",
            "@type": "CreativeWork",
            "about": {
                "@id": "./"
            },
            "conformsTo": [
                {
                    "@id": "https://w3id.org/ro/crate/1.1"
                },
                {
                    "@id": "https://w3id.org/workflowhub/workflow-ro-crate/1.0"
                }
            ]
        },
        {
            "@id": "workflows/a5ce5dedb0becde4.gxwf.yml",
            "@type": [
                "File",
                "SoftwareSourceCode",
                "ComputationalWorkflow"
            ],
            "input": [
                {
                    "@id": "#35009f9b-6923-42b4-80e6-8c699f9cfa03"
                },
                {
                    "@id": "#43333151-aff0-441b-83ac-0b4f0f2935dd"
                },
                {
                    "@id": "#dcc3bdc5-bba5-4150-bc70-904bc729fc37"
                },
                {
                    "@id": "#3a38835e-0322-460b-bc77-a3b1a2b15383"
                }
            ],
            "name": "WF_01",
            "programmingLanguage": {
                "@id": "https://w3id.org/workflowhub/workflow-ro-crate#galaxy"
            },
            "subjectOf": {
                "@id": "workflows/a5ce5dedb0becde4.abstract.cwl"
            }
        },
        {
            "@id": "https://w3id.org/workflowhub/workflow-ro-crate#galaxy",
            "@type": "ComputerLanguage",
            "identifier": {
                "@id": "https://galaxyproject.org/"
            },
            "name": "Galaxy",
            "url": {
                "@id": "https://galaxyproject.org/"
            },
            "version": "21.09"
        },
        {
            "@id": "workflows/a5ce5dedb0becde4.abstract.cwl",
            "@type": [
                "File",
                "SoftwareSourceCode",
                "HowTo"
            ],
            "name": "workflows/a5ce5dedb0becde4.abstract",
            "programmingLanguage": {
                "@id": "https://w3id.org/workflowhub/workflow-ro-crate#cwl"
            }
        },
        {
            "@id": "https://w3id.org/workflowhub/workflow-ro-crate#cwl",
            "@type": "ComputerLanguage",
            "alternateName": "CWL",
            "identifier": {
                "@id": "https://w3id.org/cwl/1.2/"
            },
            "name": "Common Workflow Language",
            "url": {
                "@id": "https://www.commonwl.org/"
            },
            "version": "1.2"
        },
        {
            "@id": "workflows/a5ce5dedb0becde4.html",
            "@type": [
                "File",
                "SoftwareSourceCode",
                "ComputationalWorkflow"
            ],
            "name": "workflows/a5ce5dedb0becde4",
            "programmingLanguage": {
                "@id": "https://w3id.org/workflowhub/workflow-ro-crate#galaxy"
            }
        },
        {
            "@id": "workflows/a5ce5dedb0becde4.ga",
            "@type": [
                "File",
                "SoftwareSourceCode",
                "ComputationalWorkflow"
            ],
            "name": "workflows/a5ce5dedb0becde4",
            "programmingLanguage": {
                "@id": "https://w3id.org/workflowhub/workflow-ro-crate#galaxy"
            }
        },
        {
            "@id": "#a9a5d143-1907-402f-a0e6-8426ecd0a68c",
            "@type": "SoftwareApplication",
            "name": "Galaxy workflow engine"
        },
        {
            "@id": "#4c74d59c-b3e8-47b1-bee8-4ceb94f0db4e",
            "@type": "OrganizeAction",
            "endTime": "2023-07-24T15:53:22.457163",
            "instrument": {
                "@id": "#a9a5d143-1907-402f-a0e6-8426ecd0a68c"
            },
            "name": "Run of Galaxy workflow engine",
            "startTime": "2023-07-24T15:53:21.731920"
        },
        {
            "@id": "#33600062-af42-46c4-83c3-8123f9b5b44a",
            "@type": "CreateAction",
            "endTime": "2023-07-24T15:22:57.356981",
            "instrument": {
                "@id": "workflows/a5ce5dedb0becde4.gxwf.yml"
            },
            "name": "WF_01",
            "object": [
                {
                    "@id": "datasets/FeS2.inp_6.txt"
                },
                {
                    "@id": "datasets/fes2_rt01_mar02.xmu_9.txt"
                },
                {
                    "@id": "datasets/FeS2_gds.csv_13.csv"
                },
                {
                    "@id": "datasets/FeS2a_sp.txt_14.csv"
                }
            ],
            "startTime": "2023-07-24T15:22:57.356974"
        },
        {
            "@id": "datasets/FeS2.inp_6.txt",
            "@type": "File",
            "encodingFormat": "text/plain",
            "exampleOfWork": {
                "@id": "#35009f9b-6923-42b4-80e6-8c699f9cfa03"
            },
            "name": "FeS2.inp"
        },
        {
            "@id": "#35009f9b-6923-42b4-80e6-8c699f9cfa03",
            "@type": "FormalParameter",
            "additionalType": "File",
            "description": "",
            "name": "FeS2.inp"
        },
        {
            "@id": "datasets/fes2_rt01_mar02.xmu_9.txt",
            "@type": "File",
            "encodingFormat": "text/plain",
            "exampleOfWork": {
                "@id": "#43333151-aff0-441b-83ac-0b4f0f2935dd"
            },
            "name": "fes2_rt01_mar02.xmu"
        },
        {
            "@id": "#43333151-aff0-441b-83ac-0b4f0f2935dd",
            "@type": "FormalParameter",
            "additionalType": "File",
            "description": "",
            "name": "fes2_rt01_mar02.xmu"
        },
        {
            "@id": "datasets/FeS2_gds.csv_13.csv",
            "@type": "File",
            "encodingFormat": "text/plain",
            "exampleOfWork": {
                "@id": "#dcc3bdc5-bba5-4150-bc70-904bc729fc37"
            },
            "name": "FeS2_gds.csv"
        },
        {
            "@id": "#dcc3bdc5-bba5-4150-bc70-904bc729fc37",
            "@type": "FormalParameter",
            "additionalType": "File",
            "description": "",
            "name": "FeS2_gds.csv"
        },
        {
            "@id": "datasets/FeS2a_sp.txt_14.csv",
            "@type": "File",
            "encodingFormat": "text/plain",
            "exampleOfWork": {
                "@id": "#3a38835e-0322-460b-bc77-a3b1a2b15383"
            },
            "name": "FeS2a_sp.txt"
        },
        {
            "@id": "#3a38835e-0322-460b-bc77-a3b1a2b15383",
            "@type": "FormalParameter",
            "additionalType": "File",
            "description": "",
            "name": "FeS2a_sp.txt"
        },
        {
            "@id": "https://w3id.org/ro/wfrun/process/0.1",
            "@type": "CreativeWork",
            "name": "Process Run Crate",
            "version": "0.1"
        },
        {
            "@id": "https://w3id.org/ro/wfrun/workflow/0.1",
            "@type": "CreativeWork",
            "name": "Workflow Run Crate",
            "version": "0.1"
        },
        {
            "@id": "https://w3id.org/workflowhub/workflow-ro-crate/1.0",
            "@type": "CreativeWork",
            "name": "Workflow RO-Crate",
            "version": "1.0"
        },
        {
            "@id": "datasets_attrs.txt",
            "@type": "File",
            "description": "datasets properties",
            "encodingFormat": "application/json",
            "version": "2.0"
        },
        {
            "@id": "jobs_attrs.txt",
            "@type": "File",
            "description": "jobs properties",
            "encodingFormat": "application/json",
            "version": "2.0"
        },
        {
            "@id": "implicit_collection_jobs_attrs.txt",
            "@type": "File",
            "description": "implicit collection jobs properties",
            "encodingFormat": "application/json",
            "version": "2.0"
        },
        {
            "@id": "collections_attrs.txt",
            "@type": "File",
            "description": "collections properties",
            "encodingFormat": "application/json",
            "version": "2.0"
        },
        {
            "@id": "export_attrs.txt",
            "@type": "File",
            "description": "export properties",
            "encodingFormat": "application/json",
            "version": "2.0"
        },
        {
            "@id": "libraries_attrs.txt",
            "@type": "File",
            "description": "libraries properties",
            "encodingFormat": "application/json",
            "version": "2.0"
        },
        {
            "@id": "library_folders_attrs.txt",
            "@type": "File",
            "description": "library folders properties",
            "encodingFormat": "application/json",
            "version": "2.0"
        },
        {
            "@id": "invocation_attrs.txt",
            "@type": "File",
            "description": "invocation properties",
            "encodingFormat": "application/json",
            "version": "2.0"
        },
        {
            "@id": "#datasets_attrs.txt.provenance",
            "@type": "CreativeWork",
            "description": "datasets provenance properties",
            "encodingFormat": "application/json",
            "version": "2.0"
        }
    ]
}